{
  "time": [1710929005.423637],
  "gains": [
    ["nan", 0.8950869680541857, 0.9249063512688215, 0.6801658554059472],
    [1.1128706122189707, 0.934512383787002, 0.578906473514631, 0.9480244398032065],
    [0.9908669622718683, 0.3664070445497073, 1.0187937282859505, 0.12575940197607066],
    [0.7844569659259102, 1.2002082176238413, 0.5200503828100007, 0.9628155265984059],
    [1.106118811005011, 0.6918287230634073, 0.5718353944024012, 0.519962510019906]
  ],
  "phases": [
    [0.9391656218555533, -0.5752661845477449, -1.4039866302272686, 1.299692034749096],
    [-1.069279126318951, -0.5770968783198626, 0.3855170563415328, -0.4702356146062849],
    [-0.4646093539046853, 0.8367417479539445, 0.988583095848749, 0.7352089117038983],
    [0.4429615556282601, 0.6391985956941039, -0.062279448953365284, -0.9165053406974543],
    [-0.7702934134508775, -1.4984357982295018, 1.4565395295002521, -1.0211419203472827]
  ]
}
