{
    "crossElevationOffset" : {"y": [
                            -0.95337631,  1.52054556,  1.89715713, -0.13790838, -1.78176595,
                            0.88377212, -0.70064911, -0.45208506, -0.50004728,  0.07773385,
                            -0.90473007, -0.30785721, -0.13111935, -0.34500455, -0.13797887,
                            -2.59816804,  0.55815054, -0.12534601,  0.13699391,  0.52501674,
                            -2.37693662, -0.31704033,  0.75293625, -1.40570489,  2.17372004,
                            -0.53415052, -0.17149229, -0.52730173, -1.65928717,  0.83922162,
                            1.08860273,  0.34620017, -0.65451057, -0.23156035,  1.31501908,
                           -0.10035693, -0.72065756,  0.36764235,  0.63519817, -0.74917866,
                            0.10006961,  1.39748961], 
                        "x": [
                            0, 1, 2, 3, 4, 5, 6, 7, 8, 9, 10, 11, 12, 13, 14, 15, 16, 17, 18, 19, 20, 21, 22, 23, 24, 25, 26, 27, 28, 29, 30, 31, 32, 33, 34, 35, 36, 37, 38, 39, 40, 41
                            ],
                        "uncertainties": [ 
                            0.01134103, -0.04883271, -0.03560918, -0.1081172 ,  0.14461553,
                            0.20144103, -0.04244278,  0.01797662,  0.17739021, -0.03715936,
                            0.13011965,  0.03569183, -0.09545078,  0.14965806,  0.01573062,
                            0.10610792, -0.08181438, -0.11533934, -0.05342856, -0.00337568,
                            0.01226521, -0.01373919,  0.02493988,  0.0913428 ,  0.09857671,
                            0.03546571, -0.05116769,  0.13119747,  0.0067425 , -0.23752807,
                           -0.07567141, -0.0508603 ,  0.06167098, -0.00984136,  0.13834008,
                            0.00547624,  0.13668707, -0.01641828,  0.08613163, -0.00774092,
                           -0.10319752,  0.01395228]},
    "elevationOffset": {"y": [
                            -0.95337631,  1.52054556,  1.89715713, -0.13790838, -1.78176595,
                            0.88377212, -0.70064911, -0.45208506, -0.50004728,  0.07773385,
                            -0.90473007, -0.30785721, -0.13111935, -0.34500455, -0.13797887,
                            -2.59816804,  0.55815054, -0.12534601,  0.13699391,  0.52501674,
                            -2.37693662, -0.31704033,  0.75293625, -1.40570489,  2.17372004,
                            -0.53415052, -0.17149229, -0.52730173, -1.65928717,  0.83922162,
                            1.08860273,  0.34620017, -0.65451057, -0.23156035,  1.31501908,
                            -0.10035693, -0.72065756,  0.36764235,  0.63519817, -0.74917866,
                            0.10006961,  1.39748961], 
                        "x": [
                                0, 1, 2, 3, 4, 5, 6, 7, 8, 9, 10, 11, 12, 13, 14, 15, 16, 17, 18, 19, 20, 21, 22, 23, 24, 25, 26, 27, 28, 29, 30, 31, 32, 33, 34, 35, 36, 37, 38, 39, 40, 41
                                ],
                        "uncertainties": [ 
                            0.01134103, -0.04883271, -0.03560918, -0.1081172 ,  0.14461553,
                            0.20144103, -0.04244278,  0.01797662,  0.17739021, -0.03715936,
                            0.13011965,  0.03569183, -0.09545078,  0.14965806,  0.01573062,
                            0.10610792, -0.08181438, -0.11533934, -0.05342856, -0.00337568,
                            0.01226521, -0.01373919,  0.02493988,  0.0913428 ,  0.09857671,
                            0.03546571, -0.05116769,  0.13119747,  0.0067425 , -0.23752807,
                            -0.07567141, -0.0508603 ,  0.06167098, -0.00984136,  0.13834008,
                            0.00547624,  0.13668707, -0.01641828,  0.08613163, -0.00774092,
                            -0.10319752,  0.01395228]},
    "expectedHBeamWidths": {"y": [
        -0.95337631,  1.52054556,  1.89715713, -0.13790838, -1.78176595,
        0.88377212, -0.70064911, -0.45208506, -0.50004728,  0.07773385,
        -0.90473007, -0.30785721, -0.13111935, -0.34500455, -0.13797887,
        -2.59816804,  0.55815054, -0.12534601,  0.13699391,  0.52501674,
        -2.37693662, -0.31704033,  0.75293625, -1.40570489,  2.17372004,
        -0.53415052, -0.17149229, -0.52730173, -1.65928717,  0.83922162,
        1.08860273,  0.34620017, -0.65451057, -0.23156035,  1.31501908,
        -0.10035693, -0.72065756,  0.36764235,  0.63519817, -0.74917866,
        0.10006961,  1.39748961], 
        "x": [
            0, 1, 2, 3, 4, 5, 6, 7, 8, 9, 10, 11, 12, 13, 14, 15, 16, 17, 18, 19, 20, 21, 22, 23, 24, 25, 26, 27, 28, 29, 30, 31, 32, 33, 34, 35, 36, 37, 38, 39, 40, 41
            ],
    "uncertainties": [ 
        0.01134103, -0.04883271, -0.03560918, -0.1081172 ,  0.14461553,
        0.20144103, -0.04244278,  0.01797662,  0.17739021, -0.03715936,
        0.13011965,  0.03569183, -0.09545078,  0.14965806,  0.01573062,
        0.10610792, -0.08181438, -0.11533934, -0.05342856, -0.00337568,
        0.01226521, -0.01373919,  0.02493988,  0.0913428 ,  0.09857671,
        0.03546571, -0.05116769,  0.13119747,  0.0067425 , -0.23752807,
        -0.07567141, -0.0508603 ,  0.06167098, -0.00984136,  0.13834008,
        0.00547624,  0.13668707, -0.01641828,  0.08613163, -0.00774092,
        -0.10319752,  0.01395228]},
    "fittedHBeamWidths": {"y": [
        -0.95337631,  1.52054556,  1.89715713, -0.13790838, -1.78176595,
        0.88377212, -0.70064911, -0.45208506, -0.50004728,  0.07773385,
        -0.90473007, -0.30785721, -0.13111935, -0.34500455, -0.13797887,
        -2.59816804,  0.55815054, -0.12534601,  0.13699391,  0.52501674,
        -2.37693662, -0.31704033,  0.75293625, -1.40570489,  2.17372004,
        -0.53415052, -0.17149229, -0.52730173, -1.65928717,  0.83922162,
        1.08860273,  0.34620017, -0.65451057, -0.23156035,  1.31501908,
        -0.10035693, -0.72065756,  0.36764235,  0.63519817, -0.74917866,
        0.10006961,  1.39748961], 
        "x": [
            0, 1, 2, 3, 4, 5, 6, 7, 8, 9, 10, 11, 12, 13, 14, 15, 16, 17, 18, 19, 20, 21, 22, 23, 24, 25, 26, 27, 28, 29, 30, 31, 32, 33, 34, 35, 36, 37, 38, 39, 40, 41
            ],
    "uncertainties": [ 
        0.01134103, -0.04883271, -0.03560918, -0.1081172 ,  0.14461553,
        0.20144103, -0.04244278,  0.01797662,  0.17739021, -0.03715936,
        0.13011965,  0.03569183, -0.09545078,  0.14965806,  0.01573062,
        0.10610792, -0.08181438, -0.11533934, -0.05342856, -0.00337568,
        0.01226521, -0.01373919,  0.02493988,  0.0913428 ,  0.09857671,
        0.03546571, -0.05116769,  0.13119747,  0.0067425 , -0.23752807,
        -0.07567141, -0.0508603 ,  0.06167098, -0.00984136,  0.13834008,
        0.00547624,  0.13668707, -0.01641828,  0.08613163, -0.00774092,
        -0.10319752,  0.01395228]},
    "expectedVBeamWidths": {"y": [
        -0.95337631,  1.52054556,  1.89715713, -0.13790838, -1.78176595,
        0.88377212, -0.70064911, -0.45208506, -0.50004728,  0.07773385,
        -0.90473007, -0.30785721, -0.13111935, -0.34500455, -0.13797887,
        -2.59816804,  0.55815054, -0.12534601,  0.13699391,  0.52501674,
        -2.37693662, -0.31704033,  0.75293625, -1.40570489,  2.17372004,
        -0.53415052, -0.17149229, -0.52730173, -1.65928717,  0.83922162,
        1.08860273,  0.34620017, -0.65451057, -0.23156035,  1.31501908,
        -0.10035693, -0.72065756,  0.36764235,  0.63519817, -0.74917866,
        0.10006961,  1.39748961], 
        "x": [
            0, 1, 2, 3, 4, 5, 6, 7, 8, 9, 10, 11, 12, 13, 14, 15, 16, 17, 18, 19, 20, 21, 22, 23, 24, 25, 26, 27, 28, 29, 30, 31, 32, 33, 34, 35, 36, 37, 38, 39, 40, 41
            ],